english,translate
That would be the wind.,Это ветер.
"That would be well advised. Good-bye, probably forever. So sad.","Это было бы разумно. Прощай, вероятно, навсегда. Так печально."
That would be...lovely. Did you have a spot in mind?,Было бы замечательно. У вас есть какие-нибудь идеи?
"That would certainly be a sight... But, say, did I... Did I see him...? Is he here now?","Это было бы зрелище... Но скажите, я... Я видела его?.. Он здесь?"
That would cut out travel time and circumvent a TON of enemy forces.,Это сократило бы время в пути и позволило бы обойти МАССУ вражеских сил.
That would explain the Minotaur spirit's rage. No wonder his children are attacking any hunter they see.,"Это объясняет ярость Minotaur Spirit. Неудивительно, что его дети нападают на любого охотника, которого видят."
That would help. The Slayer of Issormir on my side could make all the difference. You should stop by some time and have a pint. My treat.,Это бы помогло. Slayer of Issormir на моей стороне — это все меняет. Заглядывай как-нибудь на пинту. За мой счёт.
That would look like a Sunspear declaration of war no matter who was responsible.,"Это будет выглядеть как объявление войны от лица Sunspear, независимо от того, кто за этим стоит."
That would probably solve your problem. Good-bye.,"Это, вероятно, решило бы твою проблему. Прощай."
That would seem to have minimized the grawl threat for the moment.,"Похоже, это свело угрозу grawl к минимуму на данный момент."
That would upset the current system.,Это нарушило бы текущий порядок.
That wouldn't surprise me.,Это меня бы не удивило.
That wurm has scuttled my experiments for the last time. Time to power up the golem and eradicate!,Этот червь в последний раз сорвал мои эксперименты. Пора зарядить голема и уничтожить его!
That you all with join us in battle now or join us in death.,Что вы все присоединитесь к нам в битве сейчас или присоединитесь к нам в смерти.
That you can't guarantee the safety of my scholars and explorers. Don't worry: our people can handle themselves.,Что вы не можете гарантировать безопасность моих ученых и исследователей. Не волнуйтесь: наши люди могут постоять за себя.
"That you do, buddy. But we've got one last thing on our agenda. The Preceptors have asked to see you.","Это точно, приятель. Но у нас осталось одно последнее дело. Наставники хотят тебя видеть."
That you have suffered no unreasonable bodily harm during your arrest and detainment.,Что вы не подвергались необоснованному физическому насилию во время ареста и содержания под стражей.
That you know what choosing you over the warband cost me. And you feel guilty about being so snotty to me beforehand.,"То, что ты знаешь, чего мне стоил выбор в твою пользу вместо отряда. И ты чувствуешь вину за то, что был таким заносчивым со мной до этого."
That young norn's ability to make it all the way to my office without being stopped is a sign of just how distracted we are with this refugee and Flame Legion situation. We need to get this under control.,"Тот факт, что эта юная норн смогла добраться до моего кабинета, не будучи остановленной, говорит о том, насколько мы отвлечены на проблему с беженцами и Наследием Пламени. Нам нужно взять ситуацию под контроль."
"That young norn's ability to make it all the way to my office without being stopped is a sign of just how distracted we are. I've got refugees in every corner of the Citadel, I have nothing to spare.","То, что этот юный норн смог добраться до моего кабинета, не будучи остановленным, говорит о том, насколько мы отвлечены. У меня беженцы в каждом углу Цитадели, мне некого выделить."
That! Get these DERVs to the field in pristine condition. I want them so shiny I can see my back teeth in them.,"Вот именно! Доставьте эти DERV на поле в идеальном состоянии. Хочу, чтобы они блестели так, чтобы я видел в них свои зубы."
That'd be Lord Faren. He's a good friend. I'll check in with him once I'm fully recovered. What should I do now?,"Это Lord Faren. Он хороший друг. Я свяжусь с ним, как только полностью поправлюсь. Что мне делать теперь?"
"That'd be Morwen, the cook. You can find him near the center of camp. He'll be the only thing growling louder than my stomach. Hey...if you see him, get me something to eat?","Это к Morwen, повару. Найдёшь его в центре лагеря. Он будет единственным, кто урчит громче моего желудка. Эй... если увидишь его, принесешь мне чего-нибудь поесть?"
"That'd be Sasha, my sister. She's been running around town, looking for the Seraph captain. When I asked her what was wrong, she said she had overheard some pirate fellow saying concerning things.","Это моя сестра, Sasha. Она бегала по городу в поисках капитана Seraph. Когда я спросил, что случилось, она сказала, что подслушала, как какой-то пират говорил тревожные вещи."
That'd be a mistake. Using force to stop her would put us at odds with the Sun God's other spokesperson and erase the benefit we just earned from the tournament.,"Это было бы ошибкой. Применение силы против неё настроит против нас другого представителя Бога Солнца и сведет на нет всю выгоду, которую мы только что получили от турнира."
"That'd be a nice change, considering all of your kind started going nuts.","Это было бы приятным изменением, учитывая, что все ваши сородичи начали сходить с ума."
"That'd be amazing, Commander! Be careful, and let me know what you find!","Это было бы потрясающе, Коммандир! Будь осторожен и дай мне знать, что найдёшь!"
That'd be great if you could do that!,"Было бы здорово, если бы вы смогли это сделать!"
That'd be great. We're a small expeditionary squad.,Было бы здорово. Мы небольшой экспедиционный отряд.
That'd be mighty kind of you. I'd be happy to direct you.,Это было бы очень любезно с вашей стороны. Я с радостью укажу вам путь.
That'd be my friend Quinn. You might want to check your supply cabinets. I'll find out what he wanted once I'm fully recovered. What should I do now?,"Это, должно быть, мой друг Quinn. Тебе стоит проверить свои шкафы с припасами. Я выясню, что ему было нужно, как только полностью поправлюсь. Что мне делать теперь?"
"That'd be my friends, Andrew and Petra. I'll have to go see them once I'm fully recovered. What should I do now?","Это, должно быть, мои друзья, Andrew и Petra. Я навещу их, как только полностью поправлюсь. Что мне делать теперь?"
That'll attract spirits like bees to honey!,"Это привлечет духов, как пчел на мед!"
That'll be Two-Blade's thugs. They'll be here any minute now. Get ready.,Это прихвостни Two-Blade. Они будут здесь с минуты на минуту. Приготовься.
That'll be fine as it is!,Так будет в самый раз!
That'll buy you time to get the sample and keep more of the researches alive long enough to talk to them.,"Это даст вам время, чтобы получить образец и сохранить больше образцов для исследований, что позволит дольше общаться с ними."
That'll change now that we're here.,"Теперь, когда мы здесь, это изменится."
"That'll do it, great! All the metal's prepped and ready for forging. Appreciate the hand.","Вот так, отлично! Весь металл подготовлен и готов к ковке. Спасибо за помощь."
That'll do it. Let's get underway.,Сойдёт. Давайте приступим.
That'll do the trick.,Это сработает.
That'll do! Bring it here!,Пойдёт! Неси сюда!
"That'll fade once the wind picks up. In the meantime, enjoy the sweet smell of victory.","Она выветрится, как только поднимется ветер. А пока наслаждайся сладким запахом победы."
"That'll fill the belly of a bearkin, it will.","Этого хватит, чтобы набить брюхо медведю, точно хватит."
That'll give that wrinkled old husk some sleepless nights. (deep breath) Ah. NOW my work in Rata Novus is done.,Это заставит этого сморщенного старика не спать всю ночь. (глубокий вдох). Ага. Теперь моя работа в Рата-Новус завершена.
"That'll give these local yokels something to talk about. When they get tired of talking about snow and boredom, that is.","Это даст местным деревенщинам тему для разговоров. Когда им надоест говорить о снеге и скуке, конечно."
That'll hurt both gangs. Clever. I'm on it!,Это ударит по обеим бандам. Хитро. Я берусь!
That'll keep them off our backs for awhile. HAH!,Это задержит их на какое-то время. ХА!
That'll send Scarlet the message: you can't hide from Lion's Arch justice.,Это пошлёт Скарлет сообщение: ей не скрыться от правосудия Львиной Арки.
That'll show 'em! Now let's get to work.,Это их проучит! А теперь за работу.
That'll show 'em. We'll be setting sail again in no time!,Это их проучит. Мы скоро снова отправимся в путь!
That'll take us back to the main hall.,Это вернет нас в главный зал.
That'll teach me to eat mystery mushrooms.,"Нужно было знать, что будет, если есть загадочные грибы."
That'll teach me to eat untrustworthy toadstools.,"Нужно было знать, что нельзя есть сомнительные грибы."
That'll teach them to burgle my brews! Hmph!,Это научит их грабить мои варева! Хм!
"That'll teach those dragon-kissers a thing or two. Now, there's a nice, warm campfire waiting for us. Let's move!","Это проучит этих драконопоклонников. А теперь нас ждет приятный, тёплый костер. Погнали!"
That'll teach you to kidnap your betters!,"Это научит вас похищать тех, кто лучше вас!"
That'll teach you.,Это вас проучит.
"That'll work for her minions, but the door doesn't look breakable. We're going to need an alternative. Maybe portals?","Это сработает для её приспешников, но дверь не выглядит ломаемой. Нам нужна альтернатива. Может, порталы?"
That'll work! Come on!,Пойдёт! Давай!
"That's ""Tribune"" to you, soldier.","Для тебя — «трибун», солдат."
That's Aurene!,Это Aurene!
That's Binna? So this is...real?,"Это Binna? Значит, это... правда?"
That's Blood audacity and Iron ingenuity. Good times.,Это дерзость Кровавого легиона и изобретательность Железного. Хорошие времена.
"That's Caithe for you. Tell me, is this the bridge you remember?","Это же Caithe. Скажи мне, это тот самый мост, который ты помнишь?"
"That's Chibb, a former krewemate of mine. Looks like he hasn't been dead for long, poor thing.","Это Чибб, мой бывший товарищ по команде. Похоже, он не так давно умер, бедняга."
"That's Chibb, a former krewemate of mine. Looks like he hasn't been dead long, poor thing.","Это Чибб, мой бывший товарищ по команде. Похоже, он не так давно умер, бедняга."
"That's Flax's lab manager. A real pushover, right?","Это менеджер лаборатории Flax. Настоящая размазня, да?"
That's Glint. She's talking about Destiny's Edge.,Это Glint. Она говорит о Destiny's Edge.
"That's Gorrik. Still weird. But, Commander, you gotta help him and Blish.","Это Gorrik. Все ещё странный. Но, Коммандир, ты должен помочь ему и Blish."
"That's Greeza from my old krewe! Though she looks different—never mind, just keep her safe.","Это же Гриза из моей старой команды! Хотя она выглядит иначе... неважно, просто позаботьтесь о ней."
"That's Imperator Smodur, soldier, the high commander of the whole Iron Legion. The Iron Legion rules the Black Citadel—Blood and Ash are here to help us reclaim our ancient homeland of Ascalon, but Smodur's the top brass.","Это император Smodur, солдат, верховный командующий всего Железного легиона. Железный легион правит Чёрной цитаделью — Кровавый и Пепельный легионы здесь, чтобы помочь нам вернуть нашу древнюю родину Ascalon, но Smodur — главное начальство."
"That's Joko? Good gods, he's insane!","Это Joko? Боги, он безумен!"
"That's Kormir! She blessed me at birth, but I never thought I'd—hail to you, Goddess of Truth.","Это же Kormir! Она благословила меня при рождении, но я никогда не думал, что... приветствую тебя, Богиня Истины."
That's Pete's strong suit. Good luck.,Это сильная сторона Pete. Удачи.
That's Qadim? What the flux has he become?,Это Кадим? Во что же он превратился?
That's Styrr Frostblade. A frostbitten Son of Svanir. He calls himself a dragon shaman. What a joke.,Это Styrr Frostblade. Обмороженный Son of Svanir. Называет себя шаманом дракона. Смешно.
"That's Taimi, and I'm a friend. We're here to help.","Это Taimi, я друг. Мы здесь, чтобы помочь."
That's Vigil HQ? It doesn't look like it needs much more in the way of defense.,"Это штаб-квартира Vigil? Не похоже, что ей нужно много чего ещё для обороны."
That's Vlast's voice.,Это голос Vlast.
"That's Vlast's voice. Right, Commander?","Это голос Vlast. Верно, Коммандир?!"
That's Vlast.,Это Vlast.
"That's Waine, our current champion. First you have to survive the preliminary rounds. Then you can fight Waine.","Это Waine, наш текущий чемпион. Сначала тебе нужно пережить предварительные раунды. А потом сможешь сразиться с Waine."
That's Zhaitan!,Это Zhaitan!
That's a Kryptis axe. I'd recognize it anywhere.,Это топор Kryptis. Я узнаю его где угодно.
That's a beauty! I've only caught five or six bigger than that myself.,Вот это красавица! Я сам ловил лишь пять или шесть штук крупнее этой.
That's a bet you wouldn't lose.,"Это пари, которое вы бы не проиграли."
That's a big one! What should we do?,Это крупный экземпляр! Что нам делать?
"That's a big one. Together, now.","Это крупная цель. Все вместе, сейчас."
That's a big responsibility.,Это большая ответственность.
That's a bit of a leap. Take another look.,Это немного преждевременный вывод. Взгляни ещё раз.
That's a charrific attitude. What if I told you there would be danger along the way?,"Это очень по-чаррски. А что, если я скажу, что по пути нас ждет опасность?"
"That's a choice I've wrestled with, too. Travel well, Slayer. Until we meet again.","Это выбор, с которым я тоже боролась. Счастливого пути, Slayer. До новой встречи."
That's a comfort. Thanks. All right. We can do this.,Это утешает. Спасибо. Хорошо. Мы сможем это сделать.
That's a dangerous territory. Safe journey.,Это опасная территория. Счастливого пути.
That's a dangerous way of thinking.,Это опасный образ мыслей.
"That's a fair point. All right, let's try your ritual.","Справедливое замечание. Хорошо, давай попробуем твой ритуал."
That's a fair point. I do have some space in my lab; you could set up there.,Справедливо. У меня есть место в лаборатории; можешь обустроиться там.
That's a fair statement. Caudecus sure picked the right moment to escape. He knows they won't waste the manpower to go after him.,"Справедливое замечание. Caudecus выбрал идеальный момент для побега. Он знает, что они не станут тратить ресурсы на его поимку."
"That's a figure of speech, by the way. I don't know if they actually did crime.","Кстати, это просто фигура речи. Не знаю, совершали ли они преступления на самом деле."
That's a fine compliment.,Это отличный комплимент.
That's a foolish thing for even an asura to say. May I ask something else?,Это глупая вещь даже для асуры. Могу я задать другой вопрос?
"That's a generous offer, <Character name>, and better still, it may put Steward Gixx in a better mood for a change. Raven guide you, my friend.","Это щедрое предложение, <Character name>, и к тому же оно может поднять настроение управляющему Гиксу, что уже немало. Да пребудет с тобой ворон, мой друг."
"That's a generous offer, Minister. I may ask you to do just that.","Это щедрое предложение, Minister. Возможно, я попрошу вас именно об этом."
"That's a generous offer, sir. I'll keep it in mind.","Это щедрое предложение, сэр. Я буду иметь его в виду."
"That's a generous thing for you to say. If you're ever off-duty, feel free to stop by the Salma District and say hello.","Это очень щедро с твоей стороны. Если будешь не при исполнении, заглядывай в район Salma District, поздороваемся."
That's a good attitude!,Хороший настрой!
That's a good attitude. Let's go.,Хороший настрой. Пошли.
"That's a good decision, progeny. You're lucky to be alive.","Хорошее решение, малявка. Тебе повезло, что ты жива."
That's a good idea. Bodily harm is bad for business.,Хорошая мысль. Телесные повреждения вредят бизнесу.
That's a good idea. Let's do that.,Хорошая идея. Давай так и сделаем.
That's a good idea. See you 'round.,Хорошая мысль. Ещё увидимся.
"That's a good idea. The more information we have, the better. I'll head to Divinity's Reach and request an audience with Countess Anise.","Хорошая идея. Чем больше у нас информации, тем лучше. Я направлюсь в Divinity's Reach и попрошу аудиенции у Countess Anise."
That's a good point.,Хорошее замечание.
"That's a good point. Anyway, let's focus on getting into Jormag's keep.","Хорошее замечание. В любом случае, давай сосредоточимся на том, чтобы попасть в крепость Jormag."
That's a good point. It must still be outside somewhere.,"Хорошее замечание. Должно быть, он все ещё где-то снаружи."
That's a good question. I need some time to think before I answer.,"Хороший вопрос. Мне нужно время, чтобы подумать, прежде чем ответить."
That's a good question. We'll be keeping a close eye on her. What I wanted to ask you is...can we trust Joon?,Хороший вопрос. Мы будем пристально следить за ней. Я хотел спросить тебя... можем ли мы доверять Joon?
"That's a good start, but we need more trees.","Хорошее начало, но нам нужно больше деревьев."
"That's a good start. Move out, and follow me.","Хорошее начало. Выдвигаемся, следуй за мной."
"That's a good start. Move out, and follow my lead.","Хорошее начало. Выдвигаемся, следуй за мной."
That's a good turtle!,Хорошая черепашка!
That's a great idea!,Это отличная идея!
That's a great idea. I'd love to spend more time with Belinda. Get to know her better.,Отличная идея. Я бы с удовольствием провел больше времени с Belinda. Узнал бы её получше.
That's a great idea. Let's go.,Отличная идея. Пошли.
That's a great lead. Thank you.,Это отличная зацепка. Спасибо.
"That's a job well done, eh?","Хорошо сработано, а?"
That's a kind compliment. Thank you.,Это приятный комплимент. Спасибо.
"That's a kind offer, sir, but if I took you up on it, I wouldn't be the best. I'll handle the problem.","Это любезное предложение, сэр, но если я им воспользуюсь, то перестану быть лучшим. Я сам разберусь с проблемой."
That's a legendary poem by an Orrian soldier. It was Trahearne's favorite. The final line was lost when the city sank.,"Это легендарное стихотворение оррианского солдата. Оно было любимым у Trahearne. Последняя строка была утеряна, когда город ушёл под воду."
That's a lie! It was Ankka! She started this!,Это ложь! Это все Ankka! Она все начала!
That's a little extreme.,Это немного радикально.
That's a lively one. I'll get him penned up.,Живчик. Я его запру.
That's a lockpick.,Это отмычка.
"That's a long story, perhaps for another day. I'll just say that I overstayed my welcome.","Это долгая история, может, как-нибудь в другой раз. Скажу лишь, что я задержалась там дольше, чем следовало."
That's a long time. I wish we could have predicted this back when we were fighting the Molten Alliance—back in those early days. I'd have hunted her down and pulled her out like the weed she is.,"Это долгий срок. Жаль, что мы не предвидели этого ещё во времена борьбы с Molten Alliance — в те ранние дни. Я бы выследил её и вырвал, как сорняк."
That's a lot of Inquest trash polluting the water. I'll be surprised if the fish don't go belly up. We've definitely got some competition.,"Многовато мусора Inquest загрязняет воду. Удивлюсь, если рыба не всплывет кверху брюхом. У нас определенно есть конкуренция."
"That's a lot of adventure for a Seraph, isn't it?","Для Серафима это целое приключение, не так ли?"
That's a lot of guards.,Тут много стражи.
That's a lot of icebrood. We making a dent at all?,Их тут слишком много. Мы вообще хоть что-то успеваем сделать?
"That's a lot on your shoulders, Braham. And more is at stake.","Это тяжёлая ноша, Braham. И на кону стоит гораздо больше."
That's a lot to take in. Let me think about it.,Это слишком много информации. Дай мне подумать об этом.
That's a major understatement.,Это мягко сказано.
That's a map of the All. I like to think of them as spirit realms. That's Tyria in the middle. All those other circles are spheres of influence and powerful magic.,Это карта Всего. Мне нравится думать о них как о мирах духов. В центре — Тирия. Все остальные круги — это сферы влияния и могущественной магии.
That's a mighty haul! Now let's put it where the wyverns will find it!,"Вот это улов! А теперь давай положим его там, где виверны его найдут!"
"That's a morbid thought. If they were dead, some of them would be among us.","Мрачные мысли. Если бы они были мертвы, некоторые из них были бы среди нас."
"That's a nice thought, Braham. I'm sure Hoelbrak would be grateful.","Хорошая мысль, Braham. Уверен, Hoelbrak был бы благодарен."
That's a noble duty. So the Vigil is a military organization?,"Это благородный долг. Значит, Vigil — военная организация?"
That's a perfect way to think about it!,Идеальное сравнение!
That's a piece of one of Scarlet's probes. We theorize that this agitated the jungle wurms.,"Это часть одного из зондов Scarlet. Мы полагаем, что это встревожило лесных червей."
That's a problem for another day.,Это проблема другого дня.
"That's a problem, but I have the solution: hit both processions simultaneously. It splits us up, but it also ensures we get the real one.","Это проблема, но у меня есть решение: ударить по обеим процессиям одновременно. Это разделит нас, но гарантирует, что мы получим настоящую."
That's a puzzler.,Это загадка.
"That's a relief! Try applying it to the turret. If it works, we can use it to disperse that wall.","Какое облегчение! Попробуй применить его на турели. Если сработает, мы сможем использовать его, чтобы рассеять эту стену."
That's a relief.,Это облегчение.
"That's a relief. Let's get going.""",Какое облегчение. Пора выдвигаться.
"That's a resounding success, in my book! Now the fun part: data analysis!","На мой взгляд, это оглушительный успех! А теперь самое интересное: анализ данных!"
"That's a risk I'll have to take. Thank you, Warden.","Это риск, на который мне придётся пойти. Спасибо, Warden."
"That's a risk we have to take. If we don't separate her soon, she won't be Doxa anymore. We need to access the Inquest lab known as the Funhouse.","Это риск, на который мы должны пойти. Если мы не отделим её в ближайшее время, она перестанет быть Doxa. Нам нужно проникнуть в лабораторию Inquest, известную как Funhouse."
"That's a serious accusation, Captain. You know the law. Can you provide the required evidence to back up your claim?","Это серьёзное обвинение, Капитан. Вы знаете закон. Можете ли вы предоставить необходимые доказательства в поддержку своих слов?"
"That's a serious allegation. The judges will certainly look into it, but in the meantime...","Это серьёзное обвинение. Судьи, безусловно, рассмотрят его, но пока что..."
That's a shame.,Жаль.
That's a shame. Can I help somehow?,Как жаль. Могу я чем-то помочь?
"That's a shame. We're not all bad, you know?","Жаль. Знаешь, мы не все такие плохие."
That's a shard of the bloodstone. It matches my research.,Это осколок кровавого камня. Он соответствует моим исследованиям.
That's a smart bet. Just don't let your krewe chief hear you counting your winnings.,"Умная ставка. Только не дай своему главе креи услышать, как ты считаешь выигрыш."
That's a smart plan.,Это разумный план.
That's a solid strategy. Let's go.,Твердая стратегия. Пошли.
That's a sore spot we'll be getting back to in a second. Where is Mai Trin?,"Это больное место, мы вернемся к нему через секунду. Где Mai Trin?"
That's a start. A strong defense is good but a strong offense might be better. Can your people fight?,"Это начало. Сильная защита — это хорошо, но сильное наступление может быть лучше. Ваш народ умеет сражаться?"
"That's a start. Defense is good, but offense is better. Can your people fight?","Это начало. Защита — это хорошо, но наступление лучше. Ваш народ умеет сражаться?"
"That's a start. Defense is great, but we have to consider preparing a solid offense, too. Can your people fight?","Это начало. Защита — это здорово, но нам нужно подумать и о подготовке надёжного наступления. Ваш народ умеет сражаться?"
That's a sufficient amount of specimens. Let's return to the lab with them.,Этого количества образцов достаточно. Давайте вернемся с ними в лабораторию.
That's a suicide mission.,Это самоубийственная миссия.
"That's a surprise, Forgal. You going soft on me?","Это неожиданно, Forgal. Ты что, размяк?"
That's a terrible idea! And...and...gross!,Это ужасная идея! И... и... мерзкая!
"That's a terrible name for them, Trahearne. And thus, we make official chasm between them and us. We are all just sylvari.","Ужасное название, Trahearne. Так мы официально создаем пропасть между ними и нами. Мы все просто сильвари."
That's a tough job. How are you holding up?,Тяжёлая работа. Как ты держишься?
That's a tough lesson to learn.,Это непростой урок.
"That's a trade secret, flatfoot. Though if you must know, we walked in. Then we walked all over your scheme to suppress Gorr's theory.","Это профессиональный секрет, коп. Хотя, если тебе так интересно, мы просто вошли. А потом растоптали твой план по сокрытию теории Gorr."
That's a tragedy. May I ask you another question?,Это трагедия. Можно задать тебе ещё один вопрос?
"That's a tragic story. Thank you for telling me, General.","Трагичная история. Спасибо, что рассказали, General."
That's a universal truth. We're all stronger together than apart.,"Это универсальная истина. Мы все сильнее вместе, чем поодиночке."
"That's a useful skill to have, Occam. Enjoy the party.","Это полезный навык, Occam. Наслаждайся вечеринкой."
"That's a valravn talon. Nasty beasts. The ward has little documentation, aside from a few firsthand accounts.","Это коготь valravn. Мерзкие твари. У Ward почти нет документации, кроме нескольких свидетельств очевидцев."
"That's a very good point. And, um, you don't mind?","Это очень весомый аргумент. И, эм, ты не против?"
"That's a very progressive mindset, Warden.","Это очень прогрессивный взгляд, Warden."
That's a whole lot more than before.,"Это гораздо больше, чем раньше."
That's a wonderful goal. Good luck.,Это замечательная цель. Удачи.
That's a...unique take on the situation.,Это… довольно необычный взгляд на ситуацию.
That's aaall me.,Это всё я.
That's about how I expected a grawl speech to end: in fire and blood. But I think Gara made his point. The tribe seems ready to fight the dragon minion instead of worshipping it.,"Примерно так я и ожидал, что закончится речь граула: огнем и кровью. Но думаю, Gara добился своего. Племя, похоже, готово сражаться с прислужником дракона, а не поклоняться ему."
"That's about it, yeah. And we still don't know what he wants to do with it all.","Примерно так, да. И мы до сих пор не знаем, что он хочет со всем этим делать."
"That's about to change. Not a bad day's work, eh? Inquest: defeated. Artifact: recovered. Access to a historical treasure trove: acquired.","Скоро это изменится. Неплохая работа за день, а? Inquest: повержены. Артефакт: найден. Доступ к исторической сокровищнице: получен."
"That's above your pay grade, Recruit. Forget you heard about it.","Это выше твоего уровня допуска, Новобранец. Забудь, что слышал об этом."
"That's absolutely what happened. Now if you'll excuse me, I need to find somewhere else to be.","Именно так все и было. А теперь, если позволите, мне нужно найти другое место."
That's acceptable to us. Speak to Minister Li about it.,Нас это устраивает. Поговорите об этом с министром Li.
"That's acceptable. Here's the plan. We found a pirate treasure map, see? So we're going to go dig up their riches!","Приемлемо. Вот план. Мы нашли карту пиратских сокровищ, видишь? Так что мы идем выкапывать их богатства!"
"That's actually... Hm. I'll be honest—at this point, we need all the help we can get.","На самом деле... Хм. Буду честен — сейчас нам нужна любая помощь, которую мы можем получить."
That's all I ask.,"Это всё, о чем я прошу."
That's all I had.,"Это все, что у меня было."
That's all I have for now.,На этом пока всё.
That's all I know. I'm new here.,"Это всё, что я знаю. Я здесь недавно."
"That's all I need to know for now, thank you.","Это всё, что мне нужно знать на данный момент, спасибо."
That's all I need to know for now.,"Это всё, что мне нужно знать на данный момент."
That's all I need to know for now. Thanks.,На сегодня всё. Спасибо.
That's all I need to know right now. Let's go.,"Это всё, что мне нужно знать на данный момент. Пошли."
That's all I need to know right now. Thanks.,"Это всё, что мне нужно знать на данный момент. Спасибо."
That's all I need to know.,"Это всё, что мне нужно знать."
That's all I need to know. Thank you.,"Это всё, что мне нужно знать. Спасибо."
That's all I need. Thank you.,"Это все, что мне нужно. Спасибо."
"That's all I need. Thanks soldier, and good luck.","Это все, что мне нужно. Спасибо, солдат, и удачи."
That's all I needed for now.,"Это пока все, что мне нужно."
That's all I needed to know.,"Это все, что мне нужно было знать."
That's all I needed to know. I'll be back soon with your Deldrimor steel.,"Это всё, что мне нужно было знать. Скоро вернусь с твоей сталью Deldrimor."
That's all I needed to know. I'll suit up now.,"Это всё, что мне нужно было знать. Я облачаюсь в костюм."
That's all I needed to know. See you soon.,"Это все, что мне нужно было знать. Скоро увидимся."
That's all I needed to know. Thanks.,"Это всё, что мне нужно было знать. Спасибо."
"That's all I needed, thanks.","Это все, что мне было нужно, спасибо."
"That's all I wanted to know, thanks.","Это всё, что я хотел узнать, спасибо."
That's all I wanted to know.,"Это всё, что я хотел узнать."
That's all I wanted. Good bye.,"Это все, что я хотел узнать. Прощай."
"That's all a good soldier ever wants: to get results and stay alive. So, the necromancer's crystal is out there, and so is Howl. What's our next move?","Это все, чего хочет хороший солдат: добиваться результатов и оставаться в живых. Итак, кристалл некроманта где-то там, как и Howl. Каков наш следующий шаг?"
That's all anyone expects.,"Это все, чего от тебя ждут."
"That's all for now, Tribune.","На этом всё, трибун."
"That's all for now, but let's catch up more later.","На сегодня все, но давай поболтаем позже."
That's all for now.,На этом пока всё.
That's all for now. I'll meet you at the temple.,На этом пока все. Встретимся у храма.
That's all for now. Let's move out.,На этом пока всё. Выдвигаемся.
"That's all for now. Thanks, Galrath.","На сегодня все. Спасибо, Galrath."
That's all for now. Thanks.,На сегодня все. Спасибо.
That's all of 'em!,Это все!
That's all of 'em. We can finally get started.,Это все. Мы наконец-то можем начать.
"That's all of it. Not bad—you didn't even bat an eye at those thugs. Got everything cleaned up, too.",Это все. Неплохо — вы даже глазом не моргнули на этих бандитов. И все убрали.
That's all of the crew!,Вся команда собралась!
"That's all of the orders we need right now. Enough to get us started, at least.","Это все приказы, которые нам нужны прямо сейчас. По крайней мере, этого хватит, чтобы начать."
"That's all of them! KR424, get over here! Bring it all together!","Это все! KR424, иди сюда! Собери все вместе!"
That's all of them! Maybe they'll learn some respect.,"На этом всё! Может, они хоть немного научатся уважению."
That's all of them.,Это все.
That's all of them. But I bet there's more up ahead.,"Это все. Но держу пари, впереди их больше."
That's all of them. Go on through. I'll keep the portal open as long as I can.,"Это все. Проходите. Я буду держать портал открытым столько, сколько смогу."
That's all of them. Is everyone alright?,Это все. Все в порядке?
"That's all of them. This isn't a Seraph camp anymore, it's a Seraph graveyard.","Это все. Это больше не лагерь Серафимов, это кладбище Серафимов."
"That's all of them. Ugh, this place...","Это все. Фу, это место..."
That's all of them. Well done!,Это все. Отличная работа!
"That's all of them. Well met, Wayfinder.","Это всё. Рад встрече, Искатель Путей."
That's all of them—damn thugs never miss an opportunity to brighten my day.,Это все — чертовы бандиты никогда не упустят возможности испортить мне день.
That's all right. I'm bringing some real soldiers with me. See you later.,Все в порядке. Я возьму с собой настоящих солдат. Увидимся.
"That's all right. When I'm your age, I'll forget important things too.","Ничего страшного. Когда я буду в твоем возрасте, я тоже буду забывать важные вещи."
"That's all the data available, however.",Однако это все доступные данные.
"That's all the soldiers, I think. Wait. Something's not right. Where's Captain Marshall?","Думаю, это все солдаты. Погодите. Что-то не так. Где капитан Marshall?"
"That's all three charges. Nice work, Commander.","Это все три заряда. Отличная работа, Коммандир."
That's all three signs. I'm due for a visit...,Это все три знака. Мне пора нанести визит...
"That's all very good to know, thank you.","Это очень полезно знать, спасибо."
That's all very intersting.,Это всё очень интересно.
"That's all we can ask. Thanks, Oldoo.","Это все, о чем мы можем просить. Спасибо, Oldoo."
That's all we need. The harpies can have the rest. We're leaving.,"Это все, что нам нужно. Остальное пусть забирают гарпии. Мы уходим."
That's all we're saving.,"Это всё, что мы спасаем."
That's all you can say?,"Это всё, что ты можешь сказать?"
"That's all you have to say? ""Curious""? We almost died!","Это всё, что ты можешь сказать? «Любопытно»? Мы чуть не погибли!"
That's all you'll pry from me. Perhaps Anise will invite you to a gala someday. They're quite the spectacle.,"Это все, что ты сможешь из меня вытянуть. Возможно, Anise когда-нибудь пригласит тебя на бал. Это довольно зрелищно."
"That's all you've got? Come on, you mangy runts!","Это всё, на что вы способны? Ну же, паршивые щенки!"
That's all you've got? Really? Did you fail Mega-insult Soliloquy 102 in college?,"Это всё, на что ты способен? Серьёзно? Ты провалил курс «Мега-оскорбления: монолог 102» в колледже?"
"That's all, folks! Thank you for visiting the Carnivale Gambade!","Это все, народ! Спасибо, что посетили Carnivale Gambade!"
That's all. For now.,На этом пока всё.
"That's all. Thanks for the help, Elora.","На этом всё. Спасибо за помощь, Elora."
That's all. Thanks.,Это все. Спасибо.
That's all? Pathetic. The wardens must be as bored as I am.,"И это все? Жалко. Стражи, должно быть, скучают так же, как и я."
That's almost all of them. Damn these depraved bastards for putting us in this position!,"Это почти все. Будь прокляты эти извращенцы за то, что поставили нас в такое положение!"
That's almost got it. One more shot!,Почти готово. Ещё один выстрел!
"That's almost wise, Maverick. Fyon's already a good influence on you, I see.","Это почти мудро, Maverick. Вижу, Fyon уже хорошо на тебя влияет."
That's also where you'll find the secret entrance to the Sunspears' base. But you can't just waltz in.,Там же вы найдёте тайный вход на базу Sunspears. Но просто так туда не войти.
That's always the last thing somebody says right before lightning strikes. Step away from Bekk.,"Это всегда последнее, что кто-то говорит перед тем, как ударит молния. Отойди от Bekk."
That's amazing! All our cows were returned. We'll make sure no soldier goes hungry!,"Это потрясающе! Все наши коровы вернулись. Мы позаботимся о том, чтобы ни один солдат не остался голодным!"
That's amazing. Thank you for telling me.,"Это удивительно. Спасибо, что рассказала мне."
That's an amazing story.,Потрясающая история.
"That's an excellent goal. If I can help, just let me know.","Это отличная цель. Если я могу помочь, просто дай знать."
That's an exciting idea.,Это захватывающая идея.
That's an interesting new perspective on the human gods.,Это интересный новый взгляд на человеческих богов.
That's an interesting one. It's a skirmish with a twist. Where do your loyalties lie?,Интересный выбор. Это стычка с изюминкой. На чьей ты стороне?
That's an interesting perspective on the situation.,Интересный взгляд на ситуацию.
That's an interesting theory.,Интересная теория.
That's an intriguing theory. Thank you.,Это интригующая теория. Спасибо.
That's an odd thing to study.,Странный объект для изучения.
That's an order to defect. Could Malice be playing both sides?,Это приказ о дезертирстве. Может ли Malice играть на обе стороны?
"That's an order, Jhavi.","Это приказ, Jhavi."
"That's an underestatement. I called out to her, but she said it was up to me to free myself, as she did, and that she was going south to seek out ""worthier prey.""","Это мягко сказано. Я позвал её, но она ответила, что я должен освободиться сам, как это сделала она, и что она направляется на юг в поисках «более достойной добычи»."
That's an understatement.,Это ещё мягко сказано.
That's an understatement. Come back to base. You might need to break the logjam.,"Это мягко сказано. Возвращайся на базу. Возможно, тебе придётся разрубить этот гордиев узел."
That's an understatement. It's been destroying entire forts. We're not sure how far it can reach. The Black Citadel...,"Это мягко сказано. Он уничтожает целые форты. Мы не уверены, как далеко он может дотянуться. Black Citadel..."
That's ancient magic. Don't anyone let your guard down.,Это древняя магия. Никому не терять бдительности.
That's another one! We can use them to take down the dragon!,"Ещё один! Мы сможем использовать их, чтобы одолеть дракона!"
That's another wave put down. Nice work!,Ещё одна волна отбита. Отличная работа!
That's as far as I felt comfortable going alone. Spawn everywhere—from all three of them.,Дальше я не рискнул идти в одиночку. Порождения повсюду — от всех троих.
That's as good of a lead as we've found so far. I'll bring backup. See you soon.,"Это лучшая зацепка из всех, что у нас есть. Я приведу подкрепление. Скоро увидимся."
That's as it should be.,Так и должно быть.
"That's assuming they can find a safe place to settle. After what we've seen, I'm not sure such a place exists—and if it does exist, whether it will last.","Это если они смогут найти безопасное место для поселения. После того, что мы видели, я не уверен, что такое место существует — а если и существует, то надолго ли."
That's awful.,Это ужасно.
That's awful. Can I ask another question?,Это ужасно. Можно задать ещё один вопрос?
That's awful. Can I ask you another question?,Это ужасно. Можно задать ещё один вопрос?
"That's bad news for us, too. That sword will corrupt anyone that holds on to it for too long.","Для нас это тоже плохие новости. Этот меч испортит любого, кто будет держать его слишком долго."
"That's bad news. Mai's ruthless, and now she's free to get back to during Scarlet's dirty work again.","Это плохие новости. Mai безжалостна, и теперь она снова свободна, чтобы вернуться к выполнению грязной работы Scarlet."
That's bad. May I ask something else?,Конечно.
That's because I was distracting the other five by juggling stones.,"Это потому, что я отвлекал остальных пятерых, жонглируя камнями."
That's because I wasn't there! Let that be a lesson to you: never make a move without Taimi and Scruffy.,"Это потому, что меня там не было! Пусть это будет тебе уроком: никогда не делай ход без Taimi и Scruffy."
That's because I'm three flagons deep aleady. I was just abut to drag Eirsson over there away to see about finding another keg somewhere... Up for a round together later?,"Это потому, что я уже приложилась к трем кружкам эля. Я как раз собиралась вытащить Eirsson оттуда, чтобы поискать ещё бочонок где-нибудь... Не хотите пропустить по одной позже?"
That's because Mordremoth doesn't care if we're alive or dead when it plugs us into a Blighting Tree. Release us. Now!,"Это потому, что Mordremoth всё равно, живы мы или мертвы, когда подключает нас к Blighting Tree. Освободи нас. Сейчас же!"
That's because a creature fighting for survival is the most dangerous opponent. Mikkel is nothing without his title. Be prepared for him to fight as hard as the murellows.,"Это потому, что существо, сражающееся за выживание — самый опасный противник. Mikkel — ничто без своего титула. Будь готов к тому, что он будет сражаться так же яростно, как мурреллоу."
That's because it's Canthan. I gave it to Mai Trin.,"Это потому, что она из Cantha. Я отдала её Mai Trin."
That's because most spirits find their own way to their fate when they die.,"Это потому, что большинство духов находят путь к своей судьбе самостоятельно, когда умирают."
That's because they're disturbed by Scarlet's seeking devices.,"Это потому, что их потревожили поисковые устройства Scarlet."
That's because we overcame Mordremoth's illusion. And the real Eir would be proud of how you did it.,"Это потому, что мы преодолели иллюзию Mordremoth. И настоящая Eir гордилась бы тем, как ты это сделал."
"That's because we're cunning. You'd fit in very well. If you ever decide you'd like to join, I could put in a good word.","Это потому, что мы хитры. Ты бы отлично вписался. Если когда-нибудь решишь присоединиться, я могу замолвить за тебя словечко."
That's because you and your expectations are misinformed. And it's too late to turn back now.,"Дело в том, что ты и твои ожидания ошибочны. И сейчас уже слишком поздно что-либо менять."
That's because you take too many risks.,"Это потому, что ты слишком рискуешь."
That's beside the point. I heard you're looking into bloodstones.,"Это не имеет значения. Я слышал, ты изучаешь кровяные камни."
That's better.,Так-то лучше.
That's better. Mordremoth! Get ready to bleed.,Так-то лучше. Mordremoth! Готовься истекать кровью.
"That's better. Now all of Dwayna's statues ring with energy and malevolence. Let us return home, my pets.","Так-то лучше. Теперь все статуи Dwayna звенят от энергии и злобы. Давайте вернемся домой, мои питомцы."
That's between me and me captain.,Это дело между мной и моим капитаном.
That's both orbs lit! And the ward is down. Trying the door...,Обе сферы горят! И барьер пал. Пробую открыть дверь...
"That's both towers down. Lion's Arch has beaten you, Convington!","Обе башни пали. Lion's Arch победил тебя, Covington!"
That's bull—,Это чушь.
That's by design. Not that killing Kralkatorrik isn't a pretty damn good reason to celebrate.,Так и задумано. Не то чтобы убийство Kralkatorrik не было чертовски веским поводом для праздника.
"That's cause I'm not Canthan. Well, I mean, I'm Canthan, but my family's background's Luxon.","Это потому, что я не кантанка. Ну, в смысле, я кантанка, но моя семья — люксоны."
That's certainly one perspective.,"Это, безусловно, одна из точек зрения."
"That's cheating. Nobody likes a cheater, Commander. What do we do to cheaters, Istari?","Это жульничество. Никто не любит жуликов, Коммандир. Что мы делаем с жуликами, Istari?"
That's chilling. Thank you for the advice. Is that where you're headed now? To meet with the Countess?,Это пугает. Спасибо за совет. Вы сейчас направляетесь туда? На встречу с Countess?
That's classified information—unless you're planning to join us on the battlefield when we fight it?,"Это секретная информация — если только ты не собираешься присоединиться к нам на поле боя, когда мы будем с ним сражаться?"
That's clearly an argument from ignorance.,Это явно аргумент от невежества.
"That's comforting; thank you. Then, I take it that this, too, is another dream?","Это утешает; спасибо. Значит, я полагаю, что это тоже очередной сон?"
That's convenient...for you. How do I get more details?,Это удобно... для тебя. Как мне получить больше подробностей?
That's correct! We're pioneering our new detective agency and just wrapped up our first case.,Верно! Мы открыли наше новое детективное агентство и только что закончили первое дело.
"That's correct. It may only be legend, but it would explain why Blood is best.","Верно. Пусть это всего лишь легенда, но она объясняет, почему Кровь — лучшие."
That's council business—leave it to me. The refugees need food and medicine now. Sorting out who gets paid can wait.,"Это дело совета — оставь это мне. Беженцам сейчас нужны еда и лекарства. Разборки с тем, кому платить, могут подождать."
That's cute.,Мило.
"That's dark, both figuratively and literally. Keep 'em coming.","Мрачно, как в переносном, так и в буквальном смысле. Продолжай."
That's deep in Inquest territory.,Это глубоко на территории Inquest.
That's definitely me! Reporting for duty!,Это точно я! Прибыл для выполнения задания!
That's definitely no Mordrem.,Это точно не Мордрем.
"That's definitely not good. Even if I knew how to undo a curse, this mirror's Orrian. It's far more powerful than I can handle.","Это определённо не к добру. Даже если бы я знал, как снять проклятие, это зеркало из Orr. Оно куда мощнее, чем я могу выдержать."
That's disgusting. How can you take advantage of someone's grief?,Это отвратительно. Как ты можешь пользоваться чужим горем?
That's doing just the trick. Keep bringing the energy to the device.,Всё идет как надо. Продолжайте приносить энергию к устройству.
That's dramatic...,Это драматично...
That's easily accomplished. Follow me!,Это легко устроить. Следуй за мной!
"That's easy. Push farther into the ruins, and you'll have all the uncontrolled combat you need.","Это просто. Продвигайся дальше в руины, и получишь столько неконтролируемого боя, сколько захочешь."
"That's easy: the human gods abandoned Tyria. You may not like that explanation, but...","Всё просто: человеческие боги покинули Tyria. Тебе может не нравиться это объяснение, но..."
"That's enough about Scarlet for now. Jormag's tooth, you really need a new hero.","Хватит пока о Scarlet. Клыком Jormag, тебе действительно нужен новый герой."
That's enough demons. Told you you should've stayed home! Now let's get that tentacle!,"С демонами покончено. Говорил же, вам следовало остаться дома! А теперь давайте займемся щупальцем!"
That's enough fighting for me today. Double-time it to Nageling! Move!,С меня на сегодня хватит сражений. Бегом в Nageling! Живее!
"That's enough for now, krewe. Let's go!","На сегодня хватит, команда. Погнали!"
That's enough for now.,На сегодня достаточно.
That's enough from you.,С тебя хватит.
"That's enough idle talk. Right now, we need to find the missing squad. Lead on, Commander. We're with you.","Хватит пустой болтовни. Сейчас нам нужно найти пропавший отряд. Веди, Коммандир. Мы с тобой."
That's enough information to get started.,"Этой информации достаточно, чтобы начать."
That's enough of that.,С этим покончено.
That's enough of this! I'm not dying for this stupid artifact.,С меня хватит! Я не собираюсь умирать из-за этого глупого артефакта.
That's enough out of you. We've got centaurs to rout.,С тебя хватит. Нам нужно разгромить кентавров.
"That's enough ridiculous talk. Collect yourselves, and return to your vital work.",Хватит нести чепуху. Возьмите себя в руки и возвращайтесь к своей важной работе.
That's enough rotten dolyak to make Kormir weep. Or lure out a&mdash;,"Этого гнилого дольяка хватит, чтобы заставить Кормир плакать. Или привлечь…"
That's enough science for now.,На сегодня с науки хватит.
"That's enough tools to get back to work anyway. We could use just a few more, though.","Этих инструментов достаточно, чтобы вернуться к работе. Хотя нам бы не помешало ещё несколько."
That's enough violence for now.,На сегодня насилия хватит.
That's enough! Fall back. They can keep their precious artifacts...for now.,Довольно! Отступаем. Пусть оставят свои драгоценные артефакты... пока что.
That's enough! I yield!,Хватит! Я сдаюсь!
"That's enough! Withdraw, or we'll all die here!","Хватит! Отступаем, иначе мы все здесь поляжем!"
"That's enough, Arlon. I'll handle this. Listen to me, merchant. The zalisco sap is dangerous. If we don't find it, someone's going to get hurt.","Хватит, Arlon. Я сам разберусь. Слушай меня, торговец. Сок залиско опасен. Если мы его не найдём, кто-то пострадает."
"That's enough, Crusader Soma.","Довольно, Crusader Soma."
"That's enough, Warmaster.","Довольно, Warmaster."
"That's enough, both of you. You are generals—show each other some respect, at least.","Довольно, вы оба. Вы генералы — проявите хотя бы каплю уважения друг к другу."
"That's enough, from both of you! Show some respect for our fallen.","Довольно, с обоих! Проявите уважение к нашим павшим."
"That's enough, you two. With your leave, Commander, we'll board the ships and set sail.","Довольно, вы двое. С вашего позволения, Коммандир, мы поднимемся на корабли и отчалим."
That's enough.,Довольно.
That's enough. All agents have received their orders.,Этого достаточно. Все агенты получили свои приказы.
"That's enough. Commander, I'll pray to Eagle and try to get her attention while you cleanse the shrine.","Этого достаточно. Коммандир, я буду молиться Орлу и попытаюсь привлечь её внимание, пока ты очищаешь святилище."
"That's enough. I'll just take any stragglers, and sure as Melandru made little green apples, I'll do it this time!","Этого достаточно. Я заберу остатки, и клянусь, как Melandru создала маленькие зелёные яблочки, в этот раз у меня всё получится!"
That's enough. I've seen what I needed to.,"Хватит, я уже увидела всё необходимое."
That's enough. No more fish.,Хватит. Больше никакой рыбы.
That's enough. Thank you.,Достаточно. Спасибо.
That's enough. Thanks. I'll see you later.,На этом хватит. Спасибо. Увидимся.
That's enough. We cannot allow you to defile this place.,Довольно. Мы не позволим вам осквернять это место.
"That's everything. I'll let you do the honors, Commander.","Это всё. Предоставлю тебе честь сделать это, Коммандир."
That's exactly how I feel.,Именно так я себя и чувствую.
That's exactly right. We'll find something for them to focus on.,"Именно так. Мы найдём, на чем им сосредоточиться."
"That's exactly the kind of thing we needed to know. Thank you, merchant.","Именно это нам и нужно было узнать. Спасибо, торговец."
That's exactly what Caithe suggested. How did you hear her talking from all the way over here?,"Именно это и предлагала Caithe. Как ты услышал, что она говорит, находясь так далеко?"
"That's exactly what I had in mind. Thank you, Eir.","Это именно то, что я и имел в виду. Спасибо, Eir."
That's exactly what I need. I'll give Windshear a truly glorious death.,"Это именно то, что мне нужно. Я подарю Windshear поистине славную смерть."
That's exactly what I plan to do.,Именно это я и собираюсь сделать.
That's exactly what she's going to do.,Именно это она и собирается сделать.
That's exactly what we'll do.,Именно так мы и поступим.
"That's exactly what's coming, if the scout was any indication. Let's hurry.","Именно это и приближается, если судить по разведчику. Поторопимся."
That's exactly why I want you with me. You're in.,"Именно поэтому я хочу, чтобы ты был со мной. Ты в деле."
That's exactly... Never mind. I found the trail of the Eye. It's here. I have two sources who saw it not long ago.,"Это именно... Неважно. Я нашёл след Ока. Оно здесь. У меня есть два источника, которые видели его совсем недавно."
That's excatlyexactly why we can't let them have the quaggans.,Именно поэтому мы не можем позволить им заполучить квагганов.
"That's excellent news! Do you think you can convince Galina to help us, as well?","Это отличные новости! Думаешь, ты сможешь убедить Galina тоже помочь нам?"
That's excellent. How has the recovery process been?,Это превосходно. Как проходит процесс восстановления?
"That's expecting a lot. You have that in common with her, you know.","Это слишком многого ожидать. Знаешь, у тебя с ней есть кое-что общее."
That's fair. Thanks for the gracious offer.,Справедливо. Спасибо за щедрое предложение.
"That's false. We've witnessed the undead army personally, and it just keeps growing larger. Soon it will come for you. Soon, your village will be nothing but dust.","Это ложь. Мы лично видели армию нежити, и она продолжает расти. Скоро она придёт за вами. Скоро от вашей деревни останется лишь пыль."
That's fantastic. And terrible. Send your codes off to Stumm to be deciphered. I'll see what I can do about the golems.,"Это потрясающе. И ужасно. Отправьте свои коды Stumm для расшифровки. Я посмотрю, что можно сделать с големами."
That's far enough for now. Let's take a break.,На сегодня хватит. Давайте сделаем перерыв.
That's far enough!,Достаточно!
"That's far enough, froggies. Hand over the goods or we'll hurt you real bad.","Достаточно, лягушатники. Отдавайте товар, или мы причиним вам серьёзную боль."
"That's far enough, traitor!","Достаточно, предатель!"
"That's far enough. Do you know them, Commander? I didn't think we had grawl in the pact.should be capitalized","Достаточно. Ты их знаешь, Коммандир?! Не думал, что в Пакте есть граулы."
That's far enough. The courthouse is under my protection. No charr leaves here alive!,Достаточно. Здание суда под моей защитой. Ни один чар не выйдёт отсюда живым!
That's fascinating. Where would Cantha be without that effort?,Без этих усилий Кантха была бы совсем другой.
"That's fine, but I'll need you to listen to Ms. Jeeves for this.","Хорошо, но для этого тебе нужно послушать госпожу Jeeves."
"That's fine, soldier. Get some rest.","Всё в порядке, солдат. Отдохни."
"That's for my warband, mouse!","Это тебе за мой отряд, мышь!"
"That's for the seafood vendor. It's live, so try not to drop it. He's picky about quality.","Это для продавца морепродуктов. Они живые, так что постарайся не уронить. Он очень привередлив к качеству."
That's for what you did to our tribune!,"Это тебе за то, что ты сделал с нашим трибуном!"
"That's for you, Almorra.","Это для тебя, Almorra."
That's four.,Это четыре.
That's four. The next one will be no trouble at all. Just keep the horde at bay.,Это уже четвёртый. Со следующим проблем не будет. Просто сдерживайте натиск орды.
That's generous of you.,Это очень щедро с вашей стороны.
That's good advice. What happens now?,Хороший совет. Что теперь?
"That's good news for Ash and for Wroda. And me. Good-bye, Centurion.","Это хорошие новости для Ash и для Wroda. И для меня. Прощай, Centurion."
"That's good news, Major. The general here has been dealt with. See you at the rendezvous point.","Это хорошие новости, майор. С генералом здесь покончено. Увидимся в точке сбора."
That's good to hear.,Приятно это слышать.
"That's good to hear. I'm willing to put this little imbroglio behind us, ""Grand High Sovereign."" But I'll be keeping a closer eye on you from now on.","Приятно это слышать. Я готова оставить этот маленький инцидент в прошлом, ""Grand High Sovereign"". Но с этого момента я буду присматривать за тобой внимательнее."
"That's good to hear. These past few months...I've been recovering in my own way. It's still a shock, knowing what I do.","Приятно слышать. Последние несколько месяцев... я восстанавливался по-своему. До сих пор в шоке от того, что я узнал."
That's good to know.,Хорошо это знать.
That's good to know. Give me a moment to think it over before I decide.,"Хорошо знать. Дай мне минуту подумать, прежде чем я решу."
That's good to know. I look forward to hearing about it when we get back.,"Хорошо это знать. С нетерпением жду новостей, когда мы вернемся."
That's good to know. I'm looking forward to learning more.,Хорошо знать. С нетерпением жду возможности узнать больше.
That's good to know. Thank you.,Хорошо знать. Спасибо.
That's good to know. Thanks.,Рада это слышать. Спасибо.
That's good.,Это хорошо.
That's good. Thank you. You won't regret it.,Это хорошо. Спасибо. Ты не пожалеешь.
That's good. We can get going again.,Хорошо. Мы можем двигаться дальше.
That's got it working.,Теперь всё работает.
That's got to be the screams I've heard in the distance.,"Должно быть, это те крики, что я слышал вдалеке."
That's gotta be them.,Это должны быть они.
That's great news! Our first confirmation.,Отличные новости! Наше первое подтверждение.
"That's great news, Shashoo.","Это отличные новости, Shashoo."
That's great stuff! Hey... my warband could use another experienced weaponsmith. Interested?,Отличная штука! Эй... моему отряду не помешал бы ещё один опытный оружейник. Интересно?
"That's great to hear. Take care, Demmi.","Приятно это слышать. Береги себя, Demmi."
That's great! Did you give the dredge a good beating for us?,Отлично! Вы как следует задали жару дреджам?
That's great! It's always a pleasure to connect kindred spirits.,Это здорово! Всегда приятно соединять родственные души.
"That's great, Braugit. Thanks for your help, Legionnaire. Here's your key, just like I promised.","Это отлично, Braugit. Спасибо за помощь, легионер. Вот твой ключ, как я и обещал."
"That's great, Briella! Wait, so how does this work? Do I just twist this part?","Это здорово, Briella! Погоди, а как это работает? Мне просто повернуть эту часть?"
"That's great, Shashoo. You'll make a great varonos someday.","Это здорово, Shashoo. Однажды ты станешь отличным вароносом."
"That's great, thanks! I wish we had people available to help out there. I can't tell you how much I appreciate this.","Отлично, спасибо! Жаль, что у нас нет свободных людей, чтобы помочь там. Не могу выразить, как я ценю это."
"That's great. Their camp is south of here, hiding among ruins. Go, go! No cow gets left behind!","Отлично. Их лагерь к югу отсюда, прячется среди руин. Иди, иди! Ни одна корова не должна остаться позади!"
That's half of it. Hurry. Not sure...I can keep this up.,Это половина. Поторапливайся. Не уверен... что смогу долго это поддерживать.
That's half of it. Long way to go. Don't slow down. Never let up.,Это только половина пути. Впереди ещё много работы. Не сбавляйте темп. Не останавливайтесь.
"That's half the point. It's you or them, Orson. Now excuse me while I order some parts.","В этом-то и суть. Либо ты, либо они, Orson. А теперь извини, мне нужно заказать детали."
"That's hard to say...to you. Until you officially join, let's just go with, ""We came from somewhere else for the purpose of protecting innocents from dark magic and would-be conquerors.","Сложно сказать... тебе. Пока ты официально не вступил, давай ограничимся тем, что «мы пришли из другого места, чтобы защитить невинных от тёмной магии и потенциальных завоевателей»."
That's harsh.,Это жестоко.
"That's high praise from someone who goes by ""the commander."" Guess you bring out the fighter in me. But I should probably get through this before basking in compliments.","Это высокая похвала от того, кого называют ""Коммандир"". Полагаю, ты пробуждаешь во мне бойца. Но мне, наверное, стоит закончить с этим, прежде чем купаться в комплиментах."
"That's him! It's Yeng Isen. Wow, he's seen better days.","Это он! Это Yeng Isen. Ого, он выглядел лучше."
"That's him. Now, out of pure spite, Kudu's invited me to watch him demonstrate some sort of weather-changing device for the Arcane Council.","Это он. Теперь, из чистого вредства, Kudu пригласил меня посмотреть, как он демонстрирует какое-то устройство для изменения погоды перед Arcane Council."
That's him—right there!,Это он — прямо там!
"That's horrible! I can't leave you here alone. If the Ringmaster thinks he can fool us, he's going to find himself taking a bottle to the face.","Это ужасно! Я не могу оставить тебя здесь одного. Если Ringmaster думает, что может нас одурачить, он получит бутылкой по лицу."
That's horrifying.,Это ужасно.
"That's how I felt. Sometimes I miss being with the Iron Legion back at the Citadel, instead of here with these Lionguard amateurs.","Я так и почувствовал. Иногда я скучаю по Железному легиону в Цитадели, вместо того чтобы быть здесь с этими дилетантами из Львиной стражи."
That's how I know you're ready. Go on ahead to Edenvar's Homestead. Garm and I will meet you there.,"Вот почему я знаю, что ты готов. Иди вперёд к Edenvar's Homestead. Garm и я встретимся с тобой там."
"That's how it goes. One minute they're silly little things, toddling around, worrying you sick...","Так оно и бывает. В одну минуту они глупые малыши, ковыляют вокруг, заставляя тебя волноваться до смерти..."
That's how it goes. The Pact is still getting itself organized. Don't let it get to you.,Так бывает. Pact все ещё организуется. Не принимай это близко к сердцу.
That's how it should be. I'll see you in the ring.,Так и должно быть. Увидимся на ринге.
That's how she tells it. To the northeast are a bunch of natural stone pillars - that's where she fought the monster.,Так она и рассказывает. К северо-востоку есть несколько естественных каменных столбов — там она сражалась с монстром.
That's how the Vigil handles those who kill our soldiers and trifle with dragons. Vyacheslav and all who stand with him must die.,"Так Vigil расправляется с теми, кто убивает наших солдат и играет с драконами. Vyacheslav и все, кто стоит на его стороне, должны умереть."
That's how we do it!,Вот так мы это делаем!
"That's how we do it: kill them all, take their stuff.","Вот так мы и работаем: убиваем всех, забираем их добро."
That's how we get to the Chantry. Just trust me! Landon's still on our tail.,Так мы попадем в Обитель. Просто доверься мне! Landon все ещё на хвосте.
That's how we'll win: by turning its puppets into our allies. Keep opening rifts until it has no more illusions to send!,"Так мы и победим: превращая его марионеток в наших союзников. Продолжай открывать разломы, пока у него не закончатся иллюзии!"
That's how you hurt your leg?,Так ты из-за этого повредил ногу?
That's inconvenient. I'll drop off these reflector dishes and be right there.,Это некстати. Я сброшу эти отражатели и буду там.
"That's ingenious, Gorrik.","Это гениально, Gorrik."
That's inhumane.,Это бесчеловечно.
That's inspired.,Это вдохновляет.
That's interesting. Good-bye.,Это интересно. Прощай.
That's intriguing.,Это интересно.
That's intriguing...and a little frightening. Care to elaborate?,Это интересно… и немного пугает. Не хотите рассказать подробнее?
That's it for the Kryptis. Now let's hit that tentacle.,С Kryptis покончено. Теперь давайте ударим по щупальцу.
That's it for your current region. I'd say everyone is ready now.,"Это всё для твоего текущего региона. Я бы сказал, что все теперь готовы."
That's it!,Вот оно!
That's it! A crystal core. That's the last thing we needed.,"Вот оно! Кристаллическое ядро. Это последнее, что нам было нужно."
That's it! A dance on battle's eve loosens muscles and inhibitions! A fine tradition.,Вот так! Танец накануне битвы расслабляет мышцы и снимает скованность! Прекрасная традиция.
That's it! Anything you can do to get the upper hand!,"В ход идёт всё, что поможет одержать верх!"
"That's it! Break that krait's back. I'd be out by now, if not for him.","Вот так! Сломай хребет этому крайт. Я бы уже выбрался, если бы не он."
That's it! Crack those bad eggs!,Вот так! Давите эти плохие яйца!
That's it! Don't let it recover!,"Всё, хватит! Не дай ему оправиться!"
"That's it! Everyone, withdraw! We're done here!",Все! Всем отходить! Мы здесь закончили!
That's it! I know how to scare off the grawl!,"Вот оно! Я знаю, как отпугнуть гроулов!"
That's it! I'm tired of cleaning up after ignorant children and cowards! I quit!,Всё! Я устала убирать за невежественными детьми и трусами! Я увольняюсь!
That's it! It's off-line! I can retrieve my findings and send you a copy straightaway.,Вот и всё! Он отключен! Я могу забрать свои находки и сразу же отправить тебе копию.
That's it! It's opening. Good teamwork.,Вот оно! Открывается. Хорошая командная работа.
That's it! Just one more!,Вот так! Ещё один!
That's it! Keep driving it back.,Вот так! Продолжайте загонять её обратно.
"That's it! Keep up the pressure. If they get that transport loaded, we lose.","Это всё! Продолжайте давить. Если они загрузят этот транспорт, мы проиграли."
"That's it! Let's... Yes, see? Aurene's magical signature, right there!","Вот оно! Давай... Видишь? Магический след Aurene, прямо здесь!"
That's it! Maximum power! Crush that wurm into the ground! ... The sky? Wherever they go when we squeeze the life out of them.,"Вот так! Максимальная мощность! Раздавите этого червя в землю! ...Или в небо? Куда бы они ни делись, когда мы выжимаем из них жизнь."
That's it! Moving on!,Есть! Идем дальше!
That's it! No one brings my ma into this.,Ну всё! Никто не смеет впутывать мою маму!
That's it! Now our fishy friend will be swimming freely again.,Вот так! Теперь наш рыбный друг снова будет плавать свободно.
"That's it! Now, quick, return it to me before it gets too unstable.","Вот так! А теперь быстро, верните его мне, пока оно не стало слишком нестабильным."
"That's it! Oh, you did splendidly. And to think, you've only just started out.","Вот оно! О, вы справились великолепно. А ведь вы только начали."
That's it! Pull that plating off!,Вот так! Срывайте обшивку!
